Strain,source,data,E,B0
K_Adamberg_Streptococcus_salivarius_growth,meta,,0.8931116127270551,0.5518592936765173
K_Adamberg_Lactococcus_lactis_growth,meta,,0.7581096792893243,0.7442328098411657
K_Adamberg_Lactobacillus_delbrueckii_growth,meta,,1.1056911372361025,0.1923730276925185
K_Adamberg_Lactobacillus_acidophilus_growth,meta,,0.3778003109192214,0.7814509222869541
K_Adamberg_Lactobacillus_paracasei_growth,meta,,0.8618932211588081,0.4400242421316505
Alain_2002_M_piezophila ,meta,,0.6268748559004637,0.47154991154377046
Alain_2003_D_crinifex,meta,,0.6268748559004637,0.47154991154377046
Amend_2003_P_helgesonii,meta,,0.7033658659738243,-0.16611367425872361
Amo_2002_P_calidifontis,meta,,0.7033658659738243,-0.16611367425872361
Balk_T_lettingae,meta,,0.8886940036548051,-0.5643218225595162
Belkin_Thermotoga,meta,,1.6609320912677423,-2.241323962129325
Belyaev_Methanobacterium_Ivanov,meta,,1.6609320912677423,-2.241323962129325
Belyaev_Methanobacterium_kuznetsov,meta,,1.6609320912677423,-2.241323962129325
Belyaev_Methanobacterium_omeliansky,meta,,1.6609320912677423,-2.241323962129325
 Bl?chl_P_Fumarii,meta,,1.6609320912677423,-2.241323962129325
Block_1969_T_aquaticus,meta,,1.673187425045999,-1.357558651162386
Bowman_1998_C_demingiae,meta,,0.726889721812957,1.0447463032003583
Bowman_1998_C_hornerae,meta,,0.5110006533423994,0.9054832080007094
Bowman_1998_C_psychrerythraea,meta,,0.42893895678548793,0.9479661431504125
Bowman_1998_C_psychrotropica,meta,,0.4701428153155044,1.0275789794647296
 Bowman_Psychroflexus_torquis,meta,,0.5257525969845237,0.5693492480562979
Carreto_1996_PRD1,meta,,0.6368547371475586,-0.11164255446952177
Carreto_1996_R_radiotolerans,meta,,0.4693631472046889,0.19590223107707827
Choma_B_cereus,meta,,0.9172808484784479,0.8478814342334053
Chrisostomos_C_indicus,meta,,1.465808715059663,-0.9857906127043906
corroler_1996_E_faecalis,meta,,1.1909235172841093,0.6503865051586871
Darland_1970_T_acidiphilum,meta,,1.386078449666701,-1.1508228753429206
Darland_1971_pH3,meta,,0.7055611874063817,0.3036433322803531
Darland_1971_pH4,meta,,0.6351102002565386,0.41601197034374593
Darland_1971_pH5,meta,,0.6581464336252942,0.3760135950589493
ROSA_1975_MT3,meta,,0.6581464336252942,0.3760135950589493
ROSA_1975_MT4,meta,,0.9437344030464946,-1.4738613469768318
Duffaud_1998_T_barossii,meta,,0.9437344030464946,-1.4738613469768318
Duffaud_1998_T_celer,meta,,0.9437344030464946,-1.4738613469768318
Engle_1996_T_celere ,meta,,1.5536530344125516,-0.9429324940792555
Fardeau_2000_T_subterraneus,meta,,1.1747319914600591,-0.926578934708606
Ferreiria_1997_AG3a,meta,,0.6876426513353864,0.4888345283627048
Ferreiria_1997_Alt1,meta,,0.4684002736748279,0.6851033253455772
Fiala_1986_P_furiosus,meta,,0.6915935414832438,-0.3818015494695588
Fiala_1990_F_sinusarabici,meta,,0.6915935414832438,-0.3818015494695588
Flores_2008_Sulfurihydrogenibium_kristjanssoni,meta,,0.654924448044085,-0.08070228079816051
Franzmann_1997_M_frigidum,meta,,1.2882564286280844,0.22014417629298078
Friedrich_1996_F_pennavorans,meta,,0.7996166315482393,-0.4304284772663525
furuya_1997_Sulfolobus,meta,,0.7996166315482393,-0.4304284772663525
Giaveno_2013_ALE1,meta,,0.7996166315482393,-0.4304284772663525
Giovanonni_1987_l_pallida,meta,,0.7996166315482393,-0.4304284772663525
Godfroy_1996_T_fumicolans,meta,,0.7996166315482393,-0.4304284772663525
Godfroy_1997_T_hydrothermalis ,meta,,0.6131201725908693,-0.152168923419184
Gotz_2002_EXH2,meta,,0.6022802471806007,-0.32493106334244404
Harris_1984_FR4,meta,,0.7031093444019302,0.2515856044234007
HAttori_2000_T_phaeum ,meta,,1.1541553691217452,-1.3813550725221582
Blotevogel_1985_M_thermoaggregans,meta,,1.1541553691217452,-1.3813550725221582
Henry_1994_T_yellowstonii,meta,,1.1541553691217452,-1.3813550725221582
Hensel_1997_S_zilligii,meta,,1.1541553691217452,-1.3813550725221582
Huber_1982_M_thermolithotrophicus,meta,,0.6534456032575722,0.29061503869843425
Huber_1982_M_voltae,meta,,0.6534456032575722,0.29061503869843425
Huber_1986_T_maritima,meta,,0.6534456032575722,0.29061503869843425
Huber_1995_T_chitonophagus,meta,,0.9236407905546528,-0.9762534676408063
Huber_1997_A_veneficus ,meta,,0.9236407905546528,-0.9762534676408063
Huber_1998_T_ruber,meta,,0.9236407905546528,-0.9762534676408063
Huber_1998_T_aggregans,meta,,0.9236407905546528,-0.9762534676408063
Huber_2000_I_islandicus,meta,,1.0901962918145742,-1.3568724324315933
Huber_2000_I_pacificus,meta,,1.0901962918145742,-1.3568724324315933
Hubet_1987_P_islandicum,meta,,1.0901962918145742,-1.3568724324315933
Hughes_1974_DI,meta,,0.9647162841605453,-0.4724546744259833
Hughes_1974_NH,meta,,0.5376027312407141,0.2849277990206126
Hughes_1974_YT1,meta,,0.9748090197545515,-0.4200286569050995
Jannasch_1988_S,meta,,0.8640068804377593,-0.4054299520722266
Jannasch_1988_SY,meta,,0.8042274754162408,-0.3513360533196535
Jan_1999_S_yangmingensis,meta,,0.8042274754162408,-0.3513360533196535
Jeanthon_1999_m_vulcanis,meta,,1.7325452841536773,-1.993950256999639
Johnson_2006_A_organivorus,meta,,1.7325452841536773,-1.993950256999639
Johnson_2008_S_benefaciens,meta,,1.7325452841536773,-1.993950256999639
Jones_1983_M_jannaschii,meta,,0.6715388979049017,-0.006225347408663336
Jones_2013_A_aromatica,meta,,0.6715388979049017,-0.006225347408663336
Kashefi_2003_G_barossii,meta,,1.0088024206863138,-1.594698539043385
Keller_1995_T_alcaliphilus,meta,,0.517242924445575,-0.02681095155082269
Kimble_1995_H_modesticaldum,meta,,1.7273478746114899,-0.9885556305619219
Kim_2001_T_yonseiensis,meta,,1.1387076123970392,-0.9120727458346233
Kotelnikova_1998_M_subterraneum,meta,,0.34460099304157543,0.5293293869894543
Kuhn_1980_minimal,meta,,1.1743032255605816,-0.2743718164916899
Kurosawa_1998_S_ohwakuensis,meta,,0.6980556087786735,-0.7476459611255336
Kurr_1991_M_kandlerii,meta,,0.6980556087786735,-0.7476459611255336
Larsen_1997_T_mathranii,meta,,1.1106206146537496,-0.7673661606975178
lee_2001_PHS1,meta,,0.8663664092152761,0.5398814292388199
Leigh_1981_A_kivui,meta,,1.6755162651332902,-1.7185346629140512
Li1994_m_C_themoalcaliphilum,meta,,1.2975016923950458,0.14570180701302435
Liu_1997_D_putei,meta,,0.7413712568340697,-0.24830147823486154
Li_1993_YT_C_paradoxum,meta,,0.9370338821973493,-1.118076968608106
Li_1993_YTG_C_paradoxum,meta,,1.389964686008255,-1.454096686274755
Mannisto_2002_K1,meta,,0.5996785007718107,-0.06889009101813413
Mannisto_2002_K101,meta,,0.3753139100827018,-0.08518257401102461
Mannisto_2002_K104,meta,,0.38098250297633185,0.08861747621661908
Mannisto_2002_K112,meta,,0.7857956151095138,0.006440271830808301
Mannisto_2002_K13,meta,,0.7510203386196977,-0.10013005578155744
Mannisto_2002_K27,meta,,0.6510941072756102,-0.29838967616070283
Mannisto_2002_k33,meta,,0.2335966836200789,0.0919706940876635
Mannisto_2002_k44,meta,,0.910598316722296,-0.1427104071308426
Mannisto_2002_K6,meta,,0.7155077663134313,-0.20600420031379055
Mannisto_2002_K74,meta,,0.5684630727889304,-0.06603082673706595
Mannisto_2002_K8,meta,,1.0601031040473492,-0.11751201307598268
Mannisto_2002_MT1,meta,,0.3727699961763929,-0.04388476586014501
Marchant_2002_B70,meta,,0.3727699961763929,-0.04388476586014501
Meeks_1971_Growth,meta,,1.1634229552994348,-1.260735770169763
Melamud_et_al_2001_S_sibiricus,meta,,0.6131397897131032,0.3016807458920373
Mevel_2000_Growth,meta,,1.3204560228903541,-0.7508250041664993
Mickucki_2003,meta,,1.013530062104207,-0.17368843209741228
Mohr_1980_B_megaterium,meta,,0.686200092417966,0.8713882190535328
Mohr_1980_B_subtilis,meta,,0.9700004514156206,0.6672002219460139
Mohr_1980_E_coli,meta,,0.7050351746209267,0.8538397811991701
Mohr_1980_p_acruginosa,meta,,0.49525174325854837,0.9253267678145992
Mohr_1980_P_fluorescens,meta,,0.7395993830972685,0.7936329956170096
Mohr_1980_S_marcescens,meta,,0.7347235487880704,0.9165863725144024
Mohr_1980_v_marinus_ATCC15381,meta,,0.7347235487880704,0.9165863725144024
Mohr_1980_v_marinus_ATCC15382,meta,,1.255163675609854,0.7738106079887569
Muster_1983_Growth_pH6,meta,,0.6577553568642059,-0.33874865871097964
Muster_1983_Growth_pH7,meta,,0.6577553568642059,-0.33874865871097964
Muster_1983_Growth_pH8,meta,,0.6514653936595751,-0.28096776798788015
Muster_1983_Growth_pH9,meta,,0.7035613665411025,-0.3059312942919638
Mutzel_1996_Bacillus_sp,meta,,0.7035613665411025,-0.3059312942919638
Mykytczuk_2013_P_halocryophilus,meta,,1.0404544373438442,0.1908923589014339
Nichols_1999_Gelidibacter_sp,meta,,0.41468189176434894,0.6591628541982517
Nichols_1999_G_punicea,meta,,0.8528666663175043,0.4723364336775103
Nichols_2000_2-5%_NaCl.JPG,meta,,0.651706515038323,0.9500123738829734
Nichols_2000_4%_NaCl.JPG,meta,,0.48717723730784546,0.8359816465598918
Nichols_2002_L_monocytogenes,meta,,0.8678748232999096,0.7118079678052651
Piette_2011_P_haloplanktis,meta,,0.4803425170604459,1.000265021230931
Pikuta_2000_D_alkiphilum,meta,,0.4803425170604459,1.000265021230931
Pikuta_2006_T_patagoniensis,meta,,0.716179608418119,0.38168943394343374
Prokofeva_2000_A_aceticus,meta,,0.716179608418119,0.38168943394343374
Robertson_2002_Sulfobacillus_sp,meta,,0.7168747599064907,-0.04885069443047177
Saiki_1972_AT61,meta,,0.7168747599064907,-0.04885069443047177
Saiki_1972_AT62,meta,,0.7168747599064907,-0.04885069443047177
Saiko_1996_R_obamensis,meta,,0.40761830710817526,0.2892604438822436
Sako_1996_A_pernix,meta,,1.722000269014067,-2.9734164273649726
Sako_2001_P_oguniense,meta,,1.2852010794016964,-2.1008827301691224
Schink_1982_C_thevmosulfurogenes,meta,,0.9555959179657956,-0.30928974423733435
Slobodkin_1999_T_siderophilus ,meta,,1.0945729716243882,-0.9426104946943991
Stahl_1977_ft200,meta,,0.9654780206467611,0.4560752181753128
Stahl_1977_FtR32,meta,,0.8296135470021675,0.574316920061135
Stahl_1977_m100,meta,,1.1076984624932888,0.6083512623166326
Stahl_1977_ot32,meta,,1.8778674750420732,-1.1372057254117118
Stohr_2001_H_hirschii,meta,,0.744175115168626,0.1821292168441086
Sung_2003_RKU1,meta,,1.3455280389624413,-1.3022164735882908
Sung_2003_RKU10,meta,,1.2699581864688179,-1.1667583835004034
Svetlitshyni_T_lipolytica,meta,,1.3569333203493055,-1.4258222813112582
Svetlitshyni_T_lipolytica_RKU10,meta,,1.798011558725477,-2.1960481185104506
Takai_2000_T_japonicus,meta,,1.4704698044772724,-1.229385703680095
Takai_2001_A_transvaalensis,meta,,0.8448619245063677,0.5005314325708834
Takai_2002_M_okinawensis,meta,,0.8448619245063677,0.5005314325708834
Tenreiro_1995_1279,meta,,0.6385036155399727,0.1813075468069736
Tenreiro_1995_alt82,meta,,0.6385036155399727,0.1813075468069736
AL585,meta,,0.6728543684244226,-0.8075308181828976
YC-1,meta,,0.6728543684244226,-0.8075308181828976
Nevot_P_antarctica,meta,,0.5994457567939955,0.8573543058128967
TM29,meta,,0.5994457567939955,0.8573543058128967
MG1363,meta,,0.5994457567939955,0.8573543058128967
I-1.1,meta,,0.5994457567939955,0.8573543058128967
I-1.2,meta,,0.5994457567939955,0.8573543058128967
I-1.3,meta,,0.5994457567939955,0.8573543058128967
I-1.4,meta,,0.5994457567939955,0.8573543058128967
I-1.5,meta,,0.5994457567939955,0.8573543058128967
I-1.6,meta,,0.5994457567939955,0.8573543058128967
I-1.7,meta,,0.5994457567939955,0.8573543058128967
I-1.8,meta,,0.5994457567939955,0.8573543058128967
I-2,meta,,1.3351008856027924,0.11341379280951736
I-3.1,meta,,1.3351008856027924,0.11341379280951736
I-3.2,meta,,1.3351008856027924,0.11341379280951736
I-3.3,meta,,1.3351008856027924,0.11341379280951736
I-3.4,meta,,1.3351008856027924,0.11341379280951736
I-4,meta,,1.3087089755865742,0.025080704946001637
I-5,meta,,1.3087089755865742,0.025080704946001637
I-6,meta,,1.3087089755865742,0.025080704946001637
I-7,meta,,1.3087089755865742,0.025080704946001637
I-8,meta,,1.3087089755865742,0.025080704946001637
II,meta,,1.3087089755865742,0.025080704946001637
III.1,meta,,1.2447394160016654,0.46836530823515354
III.2,meta,,1.020070335316039,0.4515835445966546
III.3,meta,,1.2466238226421174,0.38722250364101696
IV.1,meta,,1.2731006672587502,0.46859080909768186
IV.2,meta,,1.3847216281157817,0.15148977035588454
IV.3,meta,,1.1575805902658138,0.3827999290968541
IV.4,meta,,0.8047951293481855,0.5605027034670464
IV.5,meta,,0.9681889942226255,0.4730175222999429
V,meta,,0.9681889942226255,0.4730175222999429
VI,meta,,0.9681889942226255,0.4730175222999429
VII,meta,,1.2833890234909189,0.29354362040868187
VIII-1,meta,,1.2367223081456191,0.34211192892821196
VIII-2,meta,,1.2155200853029624,0.0739693627474601
VIII-3,meta,,1.5325996121570784,0.04293667886558929
IX,meta,,0.9798410480452543,0.3272889793437864
X.1,meta,,0.8789045697357332,0.5508450275659948
X.2,meta,,1.0502130348464342,0.5175435203564752
XI,meta,,1.075910362919354,0.5808641381279346
XII,meta,,1.1029913569547298,0.48940072879605406
XIII,meta,,0.9083382431012836,0.3242966830404568
XIV,meta,,1.0740043429562922,0.4247336698310945
XV,meta,,1.0740043429562922,0.4247336698310945
XVI-1.1,meta,,1.2046034212044412,0.23021666319168385
XVI-1.2,meta,,1.1544030683460387,0.3106218930797731
XVI-2,meta,,1.4087701508347092,0.27438719154128327
XVI-3,meta,,1.2138039920412786,0.21922744589870297
XVIII.1,meta,,1.2258787623628145,0.30644040837565883
XVIII.2,meta,,1.1056471034812672,0.35769328198949585
XIX,meta,,1.1056471034812672,0.35769328198949585
XX.1,meta,,1.1056471034812672,0.35769328198949585
XX.2,meta,,1.1056471034812672,0.35769328198949585
XXI,meta,,0.9448076159175128,0.3172913554195056
XXII,meta,,0.9448076159175128,0.3172913554195056
XXIII.1,meta,,0.9448076159175128,0.3172913554195056
XXIV,meta,,0.835838530455883,0.6731795068747676
XXV,meta,,1.1816324893919232,0.5064360044863293
Ungrouped.1,meta,,1.234390044214652,0.3551189320857201
Ungrouped.2,meta,,1.2596839766281045,0.5095388431741689
Ungrouped.3,meta,,1.2637535494071968,0.33452635261653235
Ungrouped.4,meta,,0.9774711677080871,0.22842118858723065
Ungrouped.5,meta,,0.9774711677080871,0.22842118858723065
Ungrouped.6,meta,,0.9774711677080871,0.22842118858723065
Ungrouped.7,meta,,1.0599220465867534,0.35680988401485414
Ungrouped.8,meta,,1.0599220465867534,0.35680988401485414
NCTC 418,meta,,1.0599220465867534,0.35680988401485414
LM1_2a,meta,,0.9456868436293533,0.665051544637454
LM1_2b,meta,,0.9103685531039416,0.7151378813628811
LM4b,meta,,0.9838516949629965,0.619409082078554
T_peptonophilus,meta,,0.9838516949629965,0.619409082078554
P_horikoshii,meta,,0.9838516949629965,0.619409082078554
Grote_RG20,meta,,0.9838516949629965,0.619409082078554
OB47,meta,,0.9838516949629965,0.619409082078554
TS_Oscar2002,meta,,1.0072596732991153,0.49907768714843354
EC_Daughtry1997,meta,,0.8814134600373483,0.7421813163866323
EC_Ingraham1958,meta,,1.1640120281349797,0.6373002331850323
EC_Ratkowsky1991,meta,,0.9082291653457283,0.574922490989901
CP_Beef,meta,,1.1503937361949486,0.5219909147468982
CP_Chicken,meta,,1.2660970838859038,0.43655038611319064
CP_Pork,meta,,0.8464575746194997,0.6701813630478071
ltk10_growth,meta,,0.870088513102097,0.19104733576331187
ak30_growth,meta,,1.0229217737159675,-0.11244043421656741
LM_Nd1,meta,,1.0229217737159675,-0.11244043421656741
Krist1998,meta,,0.8412053979889811,0.7419277354958579
BT_CD340,meta,,1.1523378034615837,1.0165253214407055
LP_CNCM_I-4031,meta,,1.2856457939402066,0.9647683694853018
ATCC_12980,meta,,1.6780032168743317,-0.7312450032349369
Swarup_Tt_HB8,meta,,0.601285076042523,-0.29775504254681356
Valik_2013_L_rhamnosus_GG,meta,,0.7897678065798243,0.6131458167078541
Van_Derlinden_E_coli,meta,,1.1152032057809287,0.6834468502818923
Membre_Ecoli_Strain1,meta,,1.055733820319816,0.8023349207240079
Membre_Ecoli_Strain2,meta,,1.2869613037934235,0.6226736575515841
Membre_Ecoli_Strain4,meta,,1.1882330470958182,0.7038946571817243
Membre_Ecoli_Strain6,meta,,1.1803192240198122,0.7131724563465529
Membre_Ecoli_Strain9,meta,,1.1026377549042106,0.7868164666960072
Membre_Bcereus_Strain1,meta,,1.0849253286748561,0.7971303125492122
Membre_Bcereus_Strain2,meta,,0.8167246153256817,0.8906049828508605
Membre_Bcereus_Strain3,meta,,1.2096265251544382,0.8140933740201557
Membre_Bcereus_Strain6,meta,,1.2105693071848045,0.9099619695358945
Membre_Lmonocytogenes_strain12or13,meta,,0.9147682243810701,0.8051381896181384
Membre_Lmonocytogenes_strain17,meta,,0.7937755012963624,0.8483598588692794
Har_vallismortis,meta,,0.35390046823590815,0.8051793156229554
Hbt_salinarum(NRC-1),meta,,0.34771383369375897,0.8029016068845339
Hbl_gomorrense,meta,,0.34773326300380936,0.8316767673989367
Hcc_morrhuae,meta,,0.3290426912678903,0.8310109866347454
Hfx_volcanii(DS70),meta,,0.3533004844256494,0.8458737315200061
Hgm_borinquense,meta,,0.33850981770971145,0.8357534537323384
Hrr_saccharovorum,meta,,0.32764959350283196,0.8190049962588161
Htg_turkmenica,meta,,0.29569143420835114,0.8729522107626151
Nab_asiatica,meta,,0.32908384578572064,0.833065616613515
Nnm_pellirubrum,meta,,0.29921088829493814,0.8390296430643328
Nbt_gregoryi,meta,,0.3666279140566368,0.8012862409273184
Ncc_occultus,meta,,0.3830933267671081,0.761485186507921
Nmn_pharaonis,meta,,0.4645785498923394,0.7179133862697572
Nrr_bangense,meta,,0.4352558101645996,0.7243300445758711
bakii_pond,meta,,0.1515317424310248,0.6998509585282787
palu_fen,meta,,0.5557556158907617,0.7526407502212253
fime_manure,meta,,0.5042023129555151,0.45668282246165803
tund_tundra,meta,,0.5042023129555151,0.45668282246165803
Z-4092,meta,,0.5599948087376282,0.7526030656607854
Z-4391,meta,,0.1452229229370645,0.6958119259874209
Z-4290,meta,,0.5198964360234953,0.45513061285802514
A.carb,meta,,1.3289736854761731,0.02833915718114046
C.auto,meta,,0.8826517139851879,-0.04804126795559267
C.ferv,meta,,1.2506811034959904,-1.094095986344926
A.kivu,meta,,1.7297422918299412,-1.7899599021191717
Knoblauch1999_ASv26_growth,meta,,1.1863011325274246,0.09313991822578144
Knoblauch1999_LSv21_growth,meta,,0.4831246678829742,0.334671661834776
Knoblauch1999_PSv29_growth,meta,,1.4721366083415666,0.32899188317069583
Knoblauch1999_LSv54_growth,meta,,0.7322958126758164,0.45127599777053795
Knoblauch1999_LSv514_growth,meta,,0.4371007882670782,0.15852142587751097
TS,meta,,0.5734506959228471,0.7232278790785384
TS_ASW,meta,,0.5366681313508151,0.9221480282225882
TS_04MNaCl,meta,,0.5052534946549205,0.8352063463943354
Erwinia,meta,,1.0585373661775481,0.7174828039368923
ACAM11,meta,,0.9369924557658283,-0.8085075682561678
ACAM12,meta,,1.0740699274631937,-0.7857156207281324
ACAM15,meta,,0.927457268121338,-0.783112896153977
ACAM19,meta,,0.9924085002808495,-0.685912191853755
ACAM30_low,meta,,0.7250142649945189,-1.0890559723882476
ACAM30_high,meta,,0.7344088684536166,-0.9094904072963426
ACAM32,meta,,1.0712377946935776,-0.3138231371119337
ACAM34,meta,,0.8481602158724165,-0.25081499356422865
L_m_ScottA_Run1,meta,,0.7424559986166541,0.8255992784232824
L_m_ScottA_Run2,meta,,0.9999347640289707,0.8004534324952395
L_m_ScottA_Run3,meta,,0.9912664882043181,0.8065272223134965
L_m_ScottA_Run4,meta,,0.8707049688152233,0.8183392430536421
L_m_ScottA_Run5,meta,,0.9189258890225115,0.8075121940572131
G_punicea_ACAM611,meta,,0.5849299330501765,0.7235212056392526
G_sp_IC158,meta,,0.4410708773209201,0.7619687278492511
S_gled_1percentSalt,meta,,0.7271041729337361,1.0124196322615613
S_gled_2.5percentSalt,meta,,0.6535816090569357,1.0621364996753038
S_gled_5percentSalt,meta,,0.4863360002762139,0.943595388976925
A_hydrophila_3459,meta,,0.7932371984068676,1.0342281633955381
L_m_ScottA,meta,,0.8873145231460738,0.8658400227330023
E_coli_M23,meta,,0.9630606197866585,0.8879668181440041
P_fluorescens_1412,meta,,0.6530060645163371,1.0803342283751014
K_oxytoca_NRRL_B-199,meta,,0.9155705808239405,0.9952385345605256
P_putidia_1442,meta,,0.6783497431068536,1.1205875521331254
S_thermophilus_K120-6,meta,,1.5564960737760232,0.18018841096555352
S_thermophilus_K118-4,meta,,0.9276967098471345,0.6823974471733207
S_thermophilus_BC-29_run3,meta,,0.8655165173313774,0.6785170597888864
S_thermophilus_BC-29_run2,meta,,0.8968139701836467,0.7458020798430899
S_thermophilus_BC-29_run1,meta,,1.0031128223633654,0.5986206119380052
S_thermophilus_BC-14_run5,meta,,1.1463871289071743,0.46220047826528926
S_thermophilus_BC-14_run4,meta,,0.8269331863678281,0.7003931733099275
S_thermophilus_BC-14_run3,meta,,0.7168484769548105,0.90562874135065
S_thermophilus_BC-14_run2,meta,,1.0086359578459825,0.6117702452671824
S_thermophilus_BC-14_run1,meta,,1.2093337899417265,0.36145519276894456
E_coli_ONT H8_R91,meta,,0.9234779038465841,0.8373480041085736
E_coli_O126_H21,meta,,0.9187166562196672,0.8635754817962283
E_coli_NT_R31,meta,,0.9732406250939881,0.8046595747691205
E_coli_O81_H-_R106,meta,,0.883133517609926,0.857491656701166
E_coli_O88_H-_R171,meta,,1.0029578422141499,0.7330536489307147
E_coli_O88_H-_R172,meta,,1.010475322355074,0.7259433207848373
E_coli_O157_H-,meta,,1.0310313459514964,0.8838939566142219
E_coli_O157_H7,meta,,1.055906211253827,0.773440326400276
E_coli_O111_H-,meta,,1.1226340751136563,0.7201411514706687
Y_enteroclitica_pH5.5,meta,,0.9860070679045051,0.058558086221057994
Y_enteroclitica_pH6,meta,,0.9730579029922244,0.22996923142690615
Y_enteroclitica_pH6.5,meta,,1.051770814279749,0.35758596245133667
H_pseodoflava_0.5g_glycerol-litre,meta,,0.6280839645971943,0.7406527355208291
H_pseodoflava_1g_glycerol-litre,meta,,0.48084035055371815,0.7365404884040602
Brevibactierum_0.5g_glycerol-litre,meta,,0.7291056269999947,0.5132191239571764
Krist1997_Ecoli_0.998_2mM_betaine,meta,,0.814733185029379,0.7307424063488221
Krist1997_Ecoli_0.977,meta,,0.3828332496175282,0.5421709815130591
Krist1997_Ecoli_0.998,meta,,0.8776276809265245,0.6870433412202529
Krist1997_Ecoli_0.977_2mM_betaine,meta,,0.7143641077657091,0.5529332368263804
Krist1997_Phalo_0.964_2mM_betaine,meta,,1.0174184187994353,0.5069326880007302
Krist1997_Phalo_0.892,meta,,0.9073246584396238,0.15315557660837278
Krist1997_Phalo_0.964,meta,,1.0528479601464806,0.49232581705412
Krist1997_Phalo_0.892_2mM_betaine,meta,,0.9648623645052085,0.3092308707815216
Krist1997_Helongata_0.950_2mM_betaine,meta,,0.9554048940738322,0.6365393190332264
Krist1997_Helongata_0.752,meta,,0.8490357598961,0.12202003058593738
Krist1997_Helongata_0.950,meta,,0.8750297365927716,0.5993383231650686
Krist1997_Helongata_0.752_2mM_betaine,meta,,0.8195059073787635,0.43170237481959367
Krist1997_Saureus_0.963,meta,,1.5135914872731986,0.5316200287032574
Krist1997_Saureus_0.914,meta,,1.464110016697487,0.3400603365480293
Krist1997_Saureus_0.997,meta,,1.0461011333989887,0.7878516716195753
Krist1997_Saureus_0.935,meta,,1.1958213934707302,0.5258335525733828
Krist1997_Sxylosus_0.909,meta,,1.236832616311161,0.8004693747748567
Krist1997_Sxylosus_0.848,meta,,0.8715377890324311,0.4622070724519758
Krist1997_Sxylosus_0.949,meta,,1.1152073140550556,0.9631719898026421
Krist1997_Sxylosus_0.976,meta,,1.1991456724800826,0.9994868407170914
Krist1997_Sxylosus_0.928,meta,,1.0709753861807758,0.9528039775851338
Wahlund_1991_C_tepidum,meta,,0.45499498348898976,0.4968162909860723
Wang_2006_G_thermodenitrificans,meta,,1.8478568037175007,-1.5262105886023045
Warth_1978_B_megaterium,meta,,0.355552129943353,1.2362541378169074
Wery_2001_C_azorensis,meta,,1.0114019125570402,-0.1791053359353833
Wiegel_1979_C_themosulphidum,meta,,0.7567800240398646,-0.10815768689438432
Wiegel_1981_T_ethanolicus,meta,,0.36167967297664066,0.3423596944397272
Xiang_2003_S_tengchongensis,meta,,0.9730715360968736,-1.4582154546477157
Xue_2001_T_tengcongensis,meta,,1.578229030887158,-1.929045021936673
ying_2003_P_profunda,meta,,1.578229030887158,-1.929045021936673
ying_2003_2674T,meta,,1.578229030887158,-1.929045021936673
ying_2003_2_2693T,meta,,1.578229030887158,-1.929045021936673
Yoshida_2006_A_manzaensis,meta,,1.578229030887158,-1.929045021936673
Zhang_2008_M_psychrophilus,meta,,1.578229030887158,-1.929045021936673
Zhilina_2001_H_saccharophilum,meta,,1.2293520915160034,-0.08745163196318828
39667,meta,,0.5734721452427594,0.269707795951535
39668,meta,,0.46253775562163546,0.33749017740621595
39672,meta,,0.4042375009527463,0.27335433387145974
CT196,meta,,0.4042375009527463,0.27335433387145974
CT199,meta,,0.4042375009527463,0.27335433387145974
CT200,meta,,0.4042375009527463,0.27335433387145974
CT201,meta,,0.4042375009527463,0.27335433387145974
CT202,meta,,1.0877788195909157,-0.2581015195179989
CT203,meta,,1.0877788195909157,-0.2581015195179989
CT206,meta,,1.0877788195909157,-0.2581015195179989
CT229,meta,,1.08747872018409,-0.17132339869178975
CT231,meta,,0.6235477974645725,0.17395482788737893
CT232,meta,,0.6235477974645725,0.17395482788737893
CT233,meta,,0.7691192923292014,-0.1413632127591858
CT234,meta,,0.9050634894572414,0.2671630062852907
CT235,meta,,0.9050634894572414,0.2671630062852907
CT261,meta,,0.894258754885418,-0.03460623480505841
CT262,meta,,1.1052662074445396,-0.20483820299003644
CT263,meta,,0.8268571619619898,-0.030149268510480377
CT264,meta,,0.8268571619619898,-0.030149268510480377
CT265,meta,,0.7208412525882401,-0.009105798980149194
CT266,meta,,0.6093146035054902,-0.05178530998272898
CT267,meta,,1.2300721130928585,-0.10093043140444335
CT348,meta,,0.7923647693771154,0.03509122104455101
CT389,meta,,0.7923647693771154,0.03509122104455101
CT390,meta,,0.7923647693771154,0.03509122104455101
CT391,meta,,0.7923647693771154,0.03509122104455101
CT395,meta,,0.7923647693771154,0.03509122104455101
CT396,meta,,0.7923647693771154,0.03509122104455101
CT400,meta,,0.7923647693771154,0.03509122104455101
CT407,meta,,0.5810693383483176,0.019698576807662873
CT422,meta,,0.5810693383483176,0.019698576807662873
CT423,meta,,0.5810693383483176,0.019698576807662873
CT424,meta,,0.5810693383483176,0.019698576807662873
CT425,meta,,0.5810693383483176,0.019698576807662873
CT439,meta,,0.7185306729802575,-0.2643604028437997
CT440,meta,,0.7185306729802575,-0.2643604028437997
CT441,meta,,0.7185306729802575,-0.2643604028437997
CT442,meta,,0.7185306729802575,-0.2643604028437997
CT443,meta,,0.7185306729802575,-0.2643604028437997
CT444,meta,,0.7185306729802575,-0.2643604028437997
CT445,meta,,0.7185306729802575,-0.2643604028437997
CT467,meta,,1.4441737211613652,-0.12001367140329844
CT470,meta,,1.4441737211613652,-0.12001367140329844
CT471,meta,,1.4441737211613652,-0.12001367140329844
CT473,meta,,1.4441737211613652,-0.12001367140329844
CT475,meta,,1.4441737211613652,-0.12001367140329844
CT476,meta,,1.4441737211613652,-0.12001367140329844
CT477,meta,,1.4441737211613652,-0.12001367140329844
CT492,meta,,1.4441737211613652,-0.12001367140329844
CT493,meta,,1.4441737211613652,-0.12001367140329844
CT495,meta,,1.2394303851927195,-0.0333452825235571
CT496,meta,,1.2394303851927195,-0.0333452825235571
CT497,meta,,1.2394303851927195,-0.0333452825235571
CT498,meta,,1.9172055820164744,-0.39945248019138097
CT499,meta,,1.9172055820164744,-0.39945248019138097
04_RT_01,exp,,0.562823959711571,0.832221356905899
04_RT_02,exp,,1.1696581138459095,0.012389539722216623
04_RT_03,exp,,1.1696581138459095,0.012389539722216623
04_RT_05,exp,,0.8336454289420477,0.4277663159889423
04_04_02,exp,,0.543590320016025,0.08657792037460715
04_04_04,exp,,0.5312716061307662,0.06460796484919872
10_RT_01,exp,,1.1785336238535733,-0.5378983540886483
10_RT_02,exp,,1.3590614660594567,-0.21877446730288125
10_10_06,exp,,1.3590614660594567,-0.21877446730288125
21_RT_05,exp,,1.20654531476201,-0.7807566143337794
21_21_02,exp,,0.5389000018105636,0.4681962055372268
21_21_04,exp,,0.9283671472802035,0.5293069793285285
21_21_06,exp,,1.1143912337194837,0.24738854574363056
30_RT_01,exp,,0.6426072486809944,-0.252447196302705
40_RT_01,exp,,0.37317821384637373,0.7623918695660014
40_RT_03,exp,,0.7537329512725588,0.5662495946007868
40_RT_04,exp,,0.7138602668937754,0.4941376657013828
40_RT_06,exp,,0.7138602668937754,0.4941376657013828
50_RT_01,exp,,0.3809091822817529,0.6916254500239079
50_RT_06,exp,,0.6251934567125994,0.47520749844243426
Negative,exp,,0.6251934567125994,0.47520749844243426
21_RT_06,exp,,0.6251934567125994,0.47520749844243426
04_04_06,exp,,0.6251934567125994,0.47520749844243426
30_RT_02,exp,,0.6251934567125994,0.47520749844243426
30_RT_03,exp,,0.6251934567125994,0.47520749844243426
50_RT_04,exp,,0.6251934567125994,0.47520749844243426
04_04_05,exp,,0.7408928847682944,0.7316927559817005
10_RT_03,exp,,0.9915085434239412,0.10664131005167271
21_RT_02,exp,,0.9915085434239412,0.10664131005167271
21_RT_03,exp,,0.9915085434239412,0.10664131005167271
21_21_01,exp,,0.6884915677519879,0.593750490063008
21_21_05,exp,,0.6884915677519879,0.593750490063008
21_RT_04,exp,,0.6884915677519879,0.593750490063008
40_RT_05,exp,,0.3285004461465558,0.6658350699375919
40_40_01,exp,,0.3285004461465558,0.6658350699375919
40_40_03,exp,,0.3285004461465558,0.6658350699375919
40_40_04,exp,,0.494181081618216,0.497659669878095
50_50_02,exp,,0.7953790630642461,-1.5874191075424462
50_50_03,exp,,0.7753249373059808,-2.1120492643893227
50_50_04,exp,,1.1036438151394774,-2.878584222538973
50_50_05,exp,,1.1036438151394774,-2.878584222538973
50_50_06,exp,,1.1036438151394774,-2.878584222538973
